INSERT INTO TB_DIA ( ID, NOME, DESCRICAO ) VALUES ( 0, 'Domingo' , 'Domingo'       );
INSERT INTO TB_DIA ( ID, NOME, DESCRICAO ) VALUES ( 1, 'Segunda' , 'Segunda-feira' );
INSERT INTO TB_DIA ( ID, NOME, DESCRICAO ) VALUES ( 2, 'Terça'   , 'Terça-feira'   );
INSERT INTO TB_DIA ( ID, NOME, DESCRICAO ) VALUES ( 3, 'Quarta'  , 'Quarta-feira'  );
INSERT INTO TB_DIA ( ID, NOME, DESCRICAO ) VALUES ( 4, 'Quinta'  , 'Quinta-feira'  );
INSERT INTO TB_DIA ( ID, NOME, DESCRICAO ) VALUES ( 5, 'Sexta'   , 'Sexta-feira'   );
INSERT INTO TB_DIA ( ID, NOME, DESCRICAO ) VALUES ( 6, 'Sábado'  , 'Sábado'        );

-- MPU - 2013
INSERT INTO TB_ESTUDO ( ID, NOME, DT_INICIO, DT_FIM ) VALUES ( 1001, 'MPU - 2013', '2013-08-22', '2013-10-06' );
-- STF - 2013
INSERT INTO TB_ESTUDO ( ID, NOME, DT_INICIO, DT_FIM ) VALUES ( 1002, 'STF - 2013', '2013-10-14', '2013-12-15' );

-- MPU - 2013
INSERT INTO TB_ESTUDO_DIA ( ID, ID_ESTUDO, ID_DIA, TEMPO_ALOCADO ) VALUES ( 1001, 1001, 0, 10800000 );
INSERT INTO TB_ESTUDO_DIA ( ID, ID_ESTUDO, ID_DIA, TEMPO_ALOCADO ) VALUES ( 1002, 1001, 1, 10800000 );
INSERT INTO TB_ESTUDO_DIA ( ID, ID_ESTUDO, ID_DIA, TEMPO_ALOCADO ) VALUES ( 1003, 1001, 2, 10800000 );
INSERT INTO TB_ESTUDO_DIA ( ID, ID_ESTUDO, ID_DIA, TEMPO_ALOCADO ) VALUES ( 1004, 1001, 3, 10800000 );
INSERT INTO TB_ESTUDO_DIA ( ID, ID_ESTUDO, ID_DIA, TEMPO_ALOCADO ) VALUES ( 1005, 1001, 4, 10800000 );
INSERT INTO TB_ESTUDO_DIA ( ID, ID_ESTUDO, ID_DIA, TEMPO_ALOCADO ) VALUES ( 1006, 1001, 5, 10800000 );
INSERT INTO TB_ESTUDO_DIA ( ID, ID_ESTUDO, ID_DIA, TEMPO_ALOCADO ) VALUES ( 1007, 1001, 6, 21600000 );
-- STF - 2013
INSERT INTO TB_ESTUDO_DIA ( ID, ID_ESTUDO, ID_DIA, TEMPO_ALOCADO ) VALUES ( 1008, 1002, 0, 10800000 );
INSERT INTO TB_ESTUDO_DIA ( ID, ID_ESTUDO, ID_DIA, TEMPO_ALOCADO ) VALUES ( 1009, 1002, 1, 10800000 );
INSERT INTO TB_ESTUDO_DIA ( ID, ID_ESTUDO, ID_DIA, TEMPO_ALOCADO ) VALUES ( 1010, 1002, 2, 10800000 );
INSERT INTO TB_ESTUDO_DIA ( ID, ID_ESTUDO, ID_DIA, TEMPO_ALOCADO ) VALUES ( 1011, 1002, 3, 10800000 );
INSERT INTO TB_ESTUDO_DIA ( ID, ID_ESTUDO, ID_DIA, TEMPO_ALOCADO ) VALUES ( 1012, 1002, 4, 10800000 );
INSERT INTO TB_ESTUDO_DIA ( ID, ID_ESTUDO, ID_DIA, TEMPO_ALOCADO ) VALUES ( 1013, 1002, 5, 10800000 );
INSERT INTO TB_ESTUDO_DIA ( ID, ID_ESTUDO, ID_DIA, TEMPO_ALOCADO ) VALUES ( 1014, 1002, 6, 21600000 );

-- MPU - 2013
INSERT INTO TB_MATERIA ( ID, SIGLA, NOME, DESCRICAO ) VALUES ( 1001, 'PORT'    , 'Português'                   , NULL );
INSERT INTO TB_MATERIA ( ID, SIGLA, NOME, DESCRICAO ) VALUES ( 1002, 'D. ADM'  , 'Direito Administrativo'      , NULL );
INSERT INTO TB_MATERIA ( ID, SIGLA, NOME, DESCRICAO ) VALUES ( 1003, 'D. CONST', 'Direito Constitucional'      , NULL );
INSERT INTO TB_MATERIA ( ID, SIGLA, NOME, DESCRICAO ) VALUES ( 1004, 'MPU'     , 'Legislação aplicada ao MPU'  , NULL );
INSERT INTO TB_MATERIA ( ID, SIGLA, NOME, DESCRICAO ) VALUES ( 1005, 'RH'      , 'Relações Humanas'            , NULL );
INSERT INTO TB_MATERIA ( ID, SIGLA, NOME, DESCRICAO ) VALUES ( 1006, 'ING'     , 'Inglês'                      , NULL );
INSERT INTO TB_MATERIA ( ID, SIGLA, NOME, DESCRICAO ) VALUES ( 1007, 'RED'     , 'Redação'                     , NULL );
INSERT INTO TB_MATERIA ( ID, SIGLA, NOME, DESCRICAO ) VALUES ( 1008, 'GGOV'    , 'Gestão e Governança de TI'   , NULL );
INSERT INTO TB_MATERIA ( ID, SIGLA, NOME, DESCRICAO ) VALUES ( 1009, 'DEV'     , 'Desenvolvimento de Software' , NULL );
INSERT INTO TB_MATERIA ( ID, SIGLA, NOME, DESCRICAO ) VALUES ( 1010, 'ENG'     , 'Engenharia de Software'      , NULL );
INSERT INTO TB_MATERIA ( ID, SIGLA, NOME, DESCRICAO ) VALUES ( 1011, 'SEG'     , 'Segurança da Informação'     , NULL );
INSERT INTO TB_MATERIA ( ID, SIGLA, NOME, DESCRICAO ) VALUES ( 1012, 'BD'      , 'Banco de Dados'              , NULL );
-- STF - 2013
INSERT INTO TB_MATERIA ( ID, SIGLA, NOME, DESCRICAO ) VALUES ( 1013, 'RL'      , 'Raciocínio Lógico'           , NULL );
INSERT INTO TB_MATERIA ( ID, SIGLA, NOME, DESCRICAO ) VALUES ( 1014, 'STF'     , 'Legislação Específica do STF', NULL );
INSERT INTO TB_MATERIA ( ID, SIGLA, NOME, DESCRICAO ) VALUES ( 1015, 'SO'      , 'Sistemas Operacionais'       , NULL );
INSERT INTO TB_MATERIA ( ID, SIGLA, NOME, DESCRICAO ) VALUES ( 1016, 'REDES'   , 'Redes de Computadores'       , NULL );
INSERT INTO TB_MATERIA ( ID, SIGLA, NOME, DESCRICAO ) VALUES ( 1017, 'PROC NEG', 'Processos de Negócio'        , NULL );

----------------
-- MPU - 2013 --
----------------
-- PORT     - 1001
INSERT INTO TB_ESTUDO_MATERIA ( ID, ID_ESTUDO, ID_MATERIA, TEMPO_ALOCADO, NR_ORDEM ) VALUES ( 1001, 1001, 1001, 7200000 , 1  );
-- GGOV     - 1008
INSERT INTO TB_ESTUDO_MATERIA ( ID, ID_ESTUDO, ID_MATERIA, TEMPO_ALOCADO, NR_ORDEM ) VALUES ( 1008, 1001, 1008, 9000000 , 2  );
-- D. ADM   - 1002
INSERT INTO TB_ESTUDO_MATERIA ( ID, ID_ESTUDO, ID_MATERIA, TEMPO_ALOCADO, NR_ORDEM ) VALUES ( 1002, 1001, 1002, 7200000 , 3  );
-- DEV      - 1009
INSERT INTO TB_ESTUDO_MATERIA ( ID, ID_ESTUDO, ID_MATERIA, TEMPO_ALOCADO, NR_ORDEM ) VALUES ( 1009, 1001, 1009, 9000000 , 4  );
-- D. CONST - 1003
INSERT INTO TB_ESTUDO_MATERIA ( ID, ID_ESTUDO, ID_MATERIA, TEMPO_ALOCADO, NR_ORDEM ) VALUES ( 1003, 1001, 1003, 7200000 , 5  );
-- ENG      - 1010
INSERT INTO TB_ESTUDO_MATERIA ( ID, ID_ESTUDO, ID_MATERIA, TEMPO_ALOCADO, NR_ORDEM ) VALUES ( 1010, 1001, 1010, 10800000, 6  );
-- MPU      - 1004
INSERT INTO TB_ESTUDO_MATERIA ( ID, ID_ESTUDO, ID_MATERIA, TEMPO_ALOCADO, NR_ORDEM ) VALUES ( 1004, 1001, 1004, 7200000 , 7  );
-- SEG      - 1011
INSERT INTO TB_ESTUDO_MATERIA ( ID, ID_ESTUDO, ID_MATERIA, TEMPO_ALOCADO, NR_ORDEM ) VALUES ( 1011, 1001, 1011, 7200000 , 8  );
-- RH       - 1005
INSERT INTO TB_ESTUDO_MATERIA ( ID, ID_ESTUDO, ID_MATERIA, TEMPO_ALOCADO, NR_ORDEM ) VALUES ( 1005, 1001, 1005, 3600000 , 9  );
-- BD       - 1012
INSERT INTO TB_ESTUDO_MATERIA ( ID, ID_ESTUDO, ID_MATERIA, TEMPO_ALOCADO, NR_ORDEM ) VALUES ( 1012, 1001, 1012, 10800000, 10 );
-- RED      - 1007
INSERT INTO TB_ESTUDO_MATERIA ( ID, ID_ESTUDO, ID_MATERIA, TEMPO_ALOCADO, NR_ORDEM ) VALUES ( 1007, 1001, 1007, 3600000 , 11 );
-- ING      - 1006
INSERT INTO TB_ESTUDO_MATERIA ( ID, ID_ESTUDO, ID_MATERIA, TEMPO_ALOCADO, NR_ORDEM ) VALUES ( 1006, 1001, 1006, 3600000 , 12 );
----------------
-- STF - 2013 --
----------------
-- D. ADM 1002
INSERT INTO TB_ESTUDO_MATERIA ( ID, ID_ESTUDO, ID_MATERIA, TEMPO_ALOCADO, NR_ORDEM ) VALUES ( 1014, 1002, 1002, 7200000 , 1  );
-- DEV 1009
INSERT INTO TB_ESTUDO_MATERIA ( ID, ID_ESTUDO, ID_MATERIA, TEMPO_ALOCADO, NR_ORDEM ) VALUES ( 1019, 1002, 1009, 10800000, 2  );
-- PORT 1001
INSERT INTO TB_ESTUDO_MATERIA ( ID, ID_ESTUDO, ID_MATERIA, TEMPO_ALOCADO, NR_ORDEM ) VALUES ( 1013, 1002, 1001, 3600000 , 3  );
-- RL 1013
INSERT INTO TB_ESTUDO_MATERIA ( ID, ID_ESTUDO, ID_MATERIA, TEMPO_ALOCADO, NR_ORDEM ) VALUES ( 1023, 1002, 1013, 3600000 , 4  );
-- ING 1006
INSERT INTO TB_ESTUDO_MATERIA ( ID, ID_ESTUDO, ID_MATERIA, TEMPO_ALOCADO, NR_ORDEM ) VALUES ( 1016, 1002, 1006, 1800000 , 5  );
-- BD 1012
INSERT INTO TB_ESTUDO_MATERIA ( ID, ID_ESTUDO, ID_MATERIA, TEMPO_ALOCADO, NR_ORDEM ) VALUES ( 1022, 1002, 1012, 5400000 , 6  );
-- D. CONST 1003
INSERT INTO TB_ESTUDO_MATERIA ( ID, ID_ESTUDO, ID_MATERIA, TEMPO_ALOCADO, NR_ORDEM ) VALUES ( 1015, 1002, 1003, 7200000 , 7  );
-- SEG 1011
INSERT INTO TB_ESTUDO_MATERIA ( ID, ID_ESTUDO, ID_MATERIA, TEMPO_ALOCADO, NR_ORDEM ) VALUES ( 1021, 1002, 1011, 3600000 , 8  );
-- GGOV 1008
INSERT INTO TB_ESTUDO_MATERIA ( ID, ID_ESTUDO, ID_MATERIA, TEMPO_ALOCADO, NR_ORDEM ) VALUES ( 1018, 1002, 1008, 7200000 , 9  );
-- ENG 1010
INSERT INTO TB_ESTUDO_MATERIA ( ID, ID_ESTUDO, ID_MATERIA, TEMPO_ALOCADO, NR_ORDEM ) VALUES ( 1020, 1002, 1010, 3600000 , 10 );
-- RED 1007
INSERT INTO TB_ESTUDO_MATERIA ( ID, ID_ESTUDO, ID_MATERIA, TEMPO_ALOCADO, NR_ORDEM ) VALUES ( 1017, 1002, 1007, 3600000 , 11 );
-- REDES 1016
INSERT INTO TB_ESTUDO_MATERIA ( ID, ID_ESTUDO, ID_MATERIA, TEMPO_ALOCADO, NR_ORDEM ) VALUES ( 1026, 1002, 1016, 3600000 , 12 );
-- STF 1014
INSERT INTO TB_ESTUDO_MATERIA ( ID, ID_ESTUDO, ID_MATERIA, TEMPO_ALOCADO, NR_ORDEM ) VALUES ( 1024, 1002, 1014, 5400000 , 13 );
-- SO 1015
INSERT INTO TB_ESTUDO_MATERIA ( ID, ID_ESTUDO, ID_MATERIA, TEMPO_ALOCADO, NR_ORDEM ) VALUES ( 1025, 1002, 1015, 3600000 , 14 );
-- PROC NEG 1017
INSERT INTO TB_ESTUDO_MATERIA ( ID, ID_ESTUDO, ID_MATERIA, TEMPO_ALOCADO, NR_ORDEM ) VALUES ( 1027, 1002, 1017, 5400000 , 15 );

-- MPU - 2013
INSERT INTO TB_HISTORICO_ESTUDO (ID,ID_ESTUDO_MATERIA,DT_HORA_ESTUDO,TEMPO_ESTUDADO,OBSERVACAO) VALUES ( NEXTVAL( 'SQ_HISTORICO_ESTUDO' ),1008,'2013-08-22 00:59:47',1330000,'');
INSERT INTO TB_HISTORICO_ESTUDO (ID,ID_ESTUDO_MATERIA,DT_HORA_ESTUDO,TEMPO_ESTUDADO,OBSERVACAO) VALUES ( NEXTVAL( 'SQ_HISTORICO_ESTUDO' ),1001,'2013-08-24 15:39:36',1287000,'');
INSERT INTO TB_HISTORICO_ESTUDO (ID,ID_ESTUDO_MATERIA,DT_HORA_ESTUDO,TEMPO_ESTUDADO,OBSERVACAO) VALUES ( NEXTVAL( 'SQ_HISTORICO_ESTUDO' ),1001,'2013-08-24 15:57:53',608000,'');
INSERT INTO TB_HISTORICO_ESTUDO (ID,ID_ESTUDO_MATERIA,DT_HORA_ESTUDO,TEMPO_ESTUDADO,OBSERVACAO) VALUES ( NEXTVAL( 'SQ_HISTORICO_ESTUDO' ),1008,'2013-08-24 16:46:32',2617000,'');
INSERT INTO TB_HISTORICO_ESTUDO (ID,ID_ESTUDO_MATERIA,DT_HORA_ESTUDO,TEMPO_ESTUDADO,OBSERVACAO) VALUES ( NEXTVAL( 'SQ_HISTORICO_ESTUDO' ),1002,'2013-08-24 18:47:56',3699000,'');
INSERT INTO TB_HISTORICO_ESTUDO (ID,ID_ESTUDO_MATERIA,DT_HORA_ESTUDO,TEMPO_ESTUDADO,OBSERVACAO) VALUES ( NEXTVAL( 'SQ_HISTORICO_ESTUDO' ),1009,'2013-08-24 22:03:21',373000,'');
INSERT INTO TB_HISTORICO_ESTUDO (ID,ID_ESTUDO_MATERIA,DT_HORA_ESTUDO,TEMPO_ESTUDADO,OBSERVACAO) VALUES ( NEXTVAL( 'SQ_HISTORICO_ESTUDO' ),1009,'2013-08-25 01:18:57',2646000,'');
INSERT INTO TB_HISTORICO_ESTUDO (ID,ID_ESTUDO_MATERIA,DT_HORA_ESTUDO,TEMPO_ESTUDADO,OBSERVACAO) VALUES ( NEXTVAL( 'SQ_HISTORICO_ESTUDO' ),1003,'2013-08-25 20:26:49',3564000,'');
INSERT INTO TB_HISTORICO_ESTUDO (ID,ID_ESTUDO_MATERIA,DT_HORA_ESTUDO,TEMPO_ESTUDADO,OBSERVACAO) VALUES ( NEXTVAL( 'SQ_HISTORICO_ESTUDO' ),1010,'2013-08-26 01:23:08',4294000,'');
INSERT INTO TB_HISTORICO_ESTUDO (ID,ID_ESTUDO_MATERIA,DT_HORA_ESTUDO,TEMPO_ESTUDADO,OBSERVACAO) VALUES ( NEXTVAL( 'SQ_HISTORICO_ESTUDO' ),1004,'2013-08-26 02:32:10',296000,'');
INSERT INTO TB_HISTORICO_ESTUDO (ID,ID_ESTUDO_MATERIA,DT_HORA_ESTUDO,TEMPO_ESTUDADO,OBSERVACAO) VALUES ( NEXTVAL( 'SQ_HISTORICO_ESTUDO' ),1004,'2013-08-27 01:39:46',3461000,'');
INSERT INTO TB_HISTORICO_ESTUDO (ID,ID_ESTUDO_MATERIA,DT_HORA_ESTUDO,TEMPO_ESTUDADO,OBSERVACAO) VALUES ( NEXTVAL( 'SQ_HISTORICO_ESTUDO' ),1011,'2013-08-28 01:16:55',3742000,'');
INSERT INTO TB_HISTORICO_ESTUDO (ID,ID_ESTUDO_MATERIA,DT_HORA_ESTUDO,TEMPO_ESTUDADO,OBSERVACAO) VALUES ( NEXTVAL( 'SQ_HISTORICO_ESTUDO' ),1005,'2013-08-28 01:34:52',774000,'');
INSERT INTO TB_HISTORICO_ESTUDO (ID,ID_ESTUDO_MATERIA,DT_HORA_ESTUDO,TEMPO_ESTUDADO,OBSERVACAO) VALUES ( NEXTVAL( 'SQ_HISTORICO_ESTUDO' ),1005,'2013-08-29 02:16:42',791000,'');
INSERT INTO TB_HISTORICO_ESTUDO (ID,ID_ESTUDO_MATERIA,DT_HORA_ESTUDO,TEMPO_ESTUDADO,OBSERVACAO) VALUES ( NEXTVAL( 'SQ_HISTORICO_ESTUDO' ),1005,'2013-08-30 01:03:17',1394000,'');
INSERT INTO TB_HISTORICO_ESTUDO (ID,ID_ESTUDO_MATERIA,DT_HORA_ESTUDO,TEMPO_ESTUDADO,OBSERVACAO) VALUES ( NEXTVAL( 'SQ_HISTORICO_ESTUDO' ),1012,'2013-09-04 00:53:12',4570000,'');
INSERT INTO TB_HISTORICO_ESTUDO (ID,ID_ESTUDO_MATERIA,DT_HORA_ESTUDO,TEMPO_ESTUDADO,OBSERVACAO) VALUES ( NEXTVAL( 'SQ_HISTORICO_ESTUDO' ),1001,'2013-09-06 22:53:01',1727000,'Resolução de questões – Interpretação de texto');
INSERT INTO TB_HISTORICO_ESTUDO (ID,ID_ESTUDO_MATERIA,DT_HORA_ESTUDO,TEMPO_ESTUDADO,OBSERVACAO) VALUES ( NEXTVAL( 'SQ_HISTORICO_ESTUDO' ),1001,'2013-09-08 13:04:16',3477000,'Redação Oficial');
INSERT INTO TB_HISTORICO_ESTUDO (ID,ID_ESTUDO_MATERIA,DT_HORA_ESTUDO,TEMPO_ESTUDADO,OBSERVACAO) VALUES ( NEXTVAL( 'SQ_HISTORICO_ESTUDO' ),1008,'2013-09-08 18:07:50',1543000,'Revisão Itil-v3, questões PMBoK.');
INSERT INTO TB_HISTORICO_ESTUDO (ID,ID_ESTUDO_MATERIA,DT_HORA_ESTUDO,TEMPO_ESTUDADO,OBSERVACAO) VALUES ( NEXTVAL( 'SQ_HISTORICO_ESTUDO' ),1008,'2013-09-08 19:47:55',2544000,'Questões CMMI, revisão IN 04/2010.');
INSERT INTO TB_HISTORICO_ESTUDO (ID,ID_ESTUDO_MATERIA,DT_HORA_ESTUDO,TEMPO_ESTUDADO,OBSERVACAO) VALUES ( NEXTVAL( 'SQ_HISTORICO_ESTUDO' ),1002,'2013-09-08 22:08:51',2811000,'Licitações – Estratégia Concursos');
INSERT INTO TB_HISTORICO_ESTUDO (ID,ID_ESTUDO_MATERIA,DT_HORA_ESTUDO,TEMPO_ESTUDADO,OBSERVACAO) VALUES ( NEXTVAL( 'SQ_HISTORICO_ESTUDO' ),1009,'2013-09-08 23:55:39',2818000,'PHP – Codecademy');
INSERT INTO TB_HISTORICO_ESTUDO (ID,ID_ESTUDO_MATERIA,DT_HORA_ESTUDO,TEMPO_ESTUDADO,OBSERVACAO) VALUES ( NEXTVAL( 'SQ_HISTORICO_ESTUDO' ),1009,'2013-09-09 02:08:32',1443000,'PHP – Codecademy');
INSERT INTO TB_HISTORICO_ESTUDO (ID,ID_ESTUDO_MATERIA,DT_HORA_ESTUDO,TEMPO_ESTUDADO,OBSERVACAO) VALUES ( NEXTVAL( 'SQ_HISTORICO_ESTUDO' ),1003,'2013-09-09 22:54:02',3817000,'Estratégia Concursos');
INSERT INTO TB_HISTORICO_ESTUDO (ID,ID_ESTUDO_MATERIA,DT_HORA_ESTUDO,TEMPO_ESTUDADO,OBSERVACAO) VALUES ( NEXTVAL( 'SQ_HISTORICO_ESTUDO' ),1010,'2013-09-10 01:04:59',1134000,'Questões Mapa da Prova – Qualidade de Software');
INSERT INTO TB_HISTORICO_ESTUDO (ID,ID_ESTUDO_MATERIA,DT_HORA_ESTUDO,TEMPO_ESTUDADO,OBSERVACAO) VALUES ( NEXTVAL( 'SQ_HISTORICO_ESTUDO' ),1010,'2013-09-10 23:33:31',2345000,'APF / Questões Mapa da Prova – Qualidade de Software');
INSERT INTO TB_HISTORICO_ESTUDO (ID,ID_ESTUDO_MATERIA,DT_HORA_ESTUDO,TEMPO_ESTUDADO,OBSERVACAO) VALUES ( NEXTVAL( 'SQ_HISTORICO_ESTUDO' ),1004,'2013-09-11 00:52:29',3562000,'Estratégia Concursos');
INSERT INTO TB_HISTORICO_ESTUDO (ID,ID_ESTUDO_MATERIA,DT_HORA_ESTUDO,TEMPO_ESTUDADO,OBSERVACAO) VALUES ( NEXTVAL( 'SQ_HISTORICO_ESTUDO' ),1011,'2013-09-11 23:46:30',3471000,'Questões Mapa da Prova');
INSERT INTO TB_HISTORICO_ESTUDO (ID,ID_ESTUDO_MATERIA,DT_HORA_ESTUDO,TEMPO_ESTUDADO,OBSERVACAO) VALUES ( NEXTVAL( 'SQ_HISTORICO_ESTUDO' ),1006,'2013-09-12 01:10:26',859000,'Questões Mapa da Prova – Inglês');
INSERT INTO TB_HISTORICO_ESTUDO (ID,ID_ESTUDO_MATERIA,DT_HORA_ESTUDO,TEMPO_ESTUDADO,OBSERVACAO) VALUES ( NEXTVAL( 'SQ_HISTORICO_ESTUDO' ),1006,'2013-09-13 00:19:53',1838000,'Questões Mapa da Prova – Inglês');
INSERT INTO TB_HISTORICO_ESTUDO (ID,ID_ESTUDO_MATERIA,DT_HORA_ESTUDO,TEMPO_ESTUDADO,OBSERVACAO) VALUES ( NEXTVAL( 'SQ_HISTORICO_ESTUDO' ),1006,'2013-09-13 21:29:38',1726000,'Questões Mapa da Prova – Inglês');
INSERT INTO TB_HISTORICO_ESTUDO (ID,ID_ESTUDO_MATERIA,DT_HORA_ESTUDO,TEMPO_ESTUDADO,OBSERVACAO) VALUES ( NEXTVAL( 'SQ_HISTORICO_ESTUDO' ),1012,'2013-09-13 22:31:05',2369000,'Cathedra – BD_04-AbordagemRelacional');
INSERT INTO TB_HISTORICO_ESTUDO (ID,ID_ESTUDO_MATERIA,DT_HORA_ESTUDO,TEMPO_ESTUDADO,OBSERVACAO) VALUES ( NEXTVAL( 'SQ_HISTORICO_ESTUDO' ),1001,'2013-09-15 20:04:16',1335000,'Questões Mapa da Prova – Redação Oficial');
INSERT INTO TB_HISTORICO_ESTUDO (ID,ID_ESTUDO_MATERIA,DT_HORA_ESTUDO,TEMPO_ESTUDADO,OBSERVACAO) VALUES ( NEXTVAL( 'SQ_HISTORICO_ESTUDO' ),1001,'2013-09-17 23:17:28',941000,'Costinha - Sintaxe');
INSERT INTO TB_HISTORICO_ESTUDO (ID,ID_ESTUDO_MATERIA,DT_HORA_ESTUDO,TEMPO_ESTUDADO,OBSERVACAO) VALUES ( NEXTVAL( 'SQ_HISTORICO_ESTUDO' ),1001,'2013-09-17 23:57:50',1274000,'Costinha - Sintaxe - Termos integrantes da oração');
INSERT INTO TB_HISTORICO_ESTUDO (ID,ID_ESTUDO_MATERIA,DT_HORA_ESTUDO,TEMPO_ESTUDADO,OBSERVACAO) VALUES ( NEXTVAL( 'SQ_HISTORICO_ESTUDO' ),1008,'2013-09-18 01:11:18',2100000,'Cathedra - PMBoK - Mapa da Prova');
INSERT INTO TB_HISTORICO_ESTUDO (ID,ID_ESTUDO_MATERIA,DT_HORA_ESTUDO,TEMPO_ESTUDADO,OBSERVACAO) VALUES ( NEXTVAL( 'SQ_HISTORICO_ESTUDO' ),1002,'2013-09-19 22:00:00',840000,'Estratégia Concursos - Licitações');
INSERT INTO TB_HISTORICO_ESTUDO (ID,ID_ESTUDO_MATERIA,DT_HORA_ESTUDO,TEMPO_ESTUDADO,OBSERVACAO) VALUES ( NEXTVAL( 'SQ_HISTORICO_ESTUDO' ),1002,'2013-09-22 13:55:09',2212000,'Estratégia Concursos - Licitações');
INSERT INTO TB_HISTORICO_ESTUDO (ID,ID_ESTUDO_MATERIA,DT_HORA_ESTUDO,TEMPO_ESTUDADO,OBSERVACAO) VALUES ( NEXTVAL( 'SQ_HISTORICO_ESTUDO' ),1002,'2013-09-22 15:00:22',1979000,'Estratégia Concursos - Licitações');
INSERT INTO TB_HISTORICO_ESTUDO (ID,ID_ESTUDO_MATERIA,DT_HORA_ESTUDO,TEMPO_ESTUDADO,OBSERVACAO) VALUES ( NEXTVAL( 'SQ_HISTORICO_ESTUDO' ),1009,'2013-09-22 16:34:01',3812000,'PHP – Codecademy');
INSERT INTO TB_HISTORICO_ESTUDO (ID,ID_ESTUDO_MATERIA,DT_HORA_ESTUDO,TEMPO_ESTUDADO,OBSERVACAO) VALUES ( NEXTVAL( 'SQ_HISTORICO_ESTUDO' ),1003,'2013-09-22 18:28:27',1868000,'Estratégia Concursos - Aula 00');
INSERT INTO TB_HISTORICO_ESTUDO (ID,ID_ESTUDO_MATERIA,DT_HORA_ESTUDO,TEMPO_ESTUDADO,OBSERVACAO) VALUES ( NEXTVAL( 'SQ_HISTORICO_ESTUDO' ),1003,'2013-09-23 01:12:13',1355000,'Estratégia Concursos - Aula 00');
INSERT INTO TB_HISTORICO_ESTUDO (ID,ID_ESTUDO_MATERIA,DT_HORA_ESTUDO,TEMPO_ESTUDADO,OBSERVACAO) VALUES ( NEXTVAL( 'SQ_HISTORICO_ESTUDO' ),1010,'2013-09-23 22:50:08',1857000,'Mapa da Prova - UML');
INSERT INTO TB_HISTORICO_ESTUDO (ID,ID_ESTUDO_MATERIA,DT_HORA_ESTUDO,TEMPO_ESTUDADO,OBSERVACAO) VALUES ( NEXTVAL( 'SQ_HISTORICO_ESTUDO' ),1004,'2013-09-24 23:52:59',2545000,'Estratégia Concursos - Aula 01 - Pág. 7.');
INSERT INTO TB_HISTORICO_ESTUDO (ID,ID_ESTUDO_MATERIA,DT_HORA_ESTUDO,TEMPO_ESTUDADO,OBSERVACAO) VALUES ( NEXTVAL( 'SQ_HISTORICO_ESTUDO' ),1011,'2013-09-25 23:23:20',1907000,'Mapa da Prova');
INSERT INTO TB_HISTORICO_ESTUDO (ID,ID_ESTUDO_MATERIA,DT_HORA_ESTUDO,TEMPO_ESTUDADO,OBSERVACAO) VALUES ( NEXTVAL( 'SQ_HISTORICO_ESTUDO' ),1012,'2013-09-26 00:25:11',2615000,'SAD - Cathedra / Mapa da Prova');
INSERT INTO TB_HISTORICO_ESTUDO (ID,ID_ESTUDO_MATERIA,DT_HORA_ESTUDO,TEMPO_ESTUDADO,OBSERVACAO) VALUES ( NEXTVAL( 'SQ_HISTORICO_ESTUDO' ),1004,'2013-09-26 22:30:37',3023000,'Estratégia Concursos - Aula 01 - Terminei');
INSERT INTO TB_HISTORICO_ESTUDO (ID,ID_ESTUDO_MATERIA,DT_HORA_ESTUDO,TEMPO_ESTUDADO,OBSERVACAO) VALUES ( NEXTVAL( 'SQ_HISTORICO_ESTUDO' ),1002,'2013-09-26 23:43:00',2132000,'Estratégia Concursos - Aula 02 - Pág. 51 (e)');
INSERT INTO TB_HISTORICO_ESTUDO (ID,ID_ESTUDO_MATERIA,DT_HORA_ESTUDO,TEMPO_ESTUDADO,OBSERVACAO) VALUES ( NEXTVAL( 'SQ_HISTORICO_ESTUDO' ),1004,'2013-10-01 00:58:53',602000,'Estratégia Concursos - Aula 02 - Pág. 8.');
INSERT INTO TB_HISTORICO_ESTUDO (ID,ID_ESTUDO_MATERIA,DT_HORA_ESTUDO,TEMPO_ESTUDADO,OBSERVACAO) VALUES ( NEXTVAL( 'SQ_HISTORICO_ESTUDO' ),1004,'2013-10-01 23:31:50',422000,'Estratégia Concursos - Aula 02 - Pág. 10.');
INSERT INTO TB_HISTORICO_ESTUDO (ID,ID_ESTUDO_MATERIA,DT_HORA_ESTUDO,TEMPO_ESTUDADO,OBSERVACAO) VALUES ( NEXTVAL( 'SQ_HISTORICO_ESTUDO' ),1004,'2013-10-02 16:28:58',569000,'Estratégia Concursos - Aula 02 - Pág. 13.');
INSERT INTO TB_HISTORICO_ESTUDO (ID,ID_ESTUDO_MATERIA,DT_HORA_ESTUDO,TEMPO_ESTUDADO,OBSERVACAO) VALUES ( NEXTVAL( 'SQ_HISTORICO_ESTUDO' ),1004,'2013-10-02 21:49:23',2902000,'Estratégia Concursos - Aula 02 - Terminei');
INSERT INTO TB_HISTORICO_ESTUDO (ID,ID_ESTUDO_MATERIA,DT_HORA_ESTUDO,TEMPO_ESTUDADO,OBSERVACAO) VALUES ( NEXTVAL( 'SQ_HISTORICO_ESTUDO' ),1002,'2013-10-02 22:55:53',893000,'Estratégia Concursos - Aula 02 - Pág. 53.');
INSERT INTO TB_HISTORICO_ESTUDO (ID,ID_ESTUDO_MATERIA,DT_HORA_ESTUDO,TEMPO_ESTUDADO,OBSERVACAO) VALUES ( NEXTVAL( 'SQ_HISTORICO_ESTUDO' ),1004,'2013-10-03 21:47:22',1442000,'Estratégia Concursos - Aula 10 - Pág. 10.');
INSERT INTO TB_HISTORICO_ESTUDO (ID,ID_ESTUDO_MATERIA,DT_HORA_ESTUDO,TEMPO_ESTUDADO,OBSERVACAO) VALUES ( NEXTVAL( 'SQ_HISTORICO_ESTUDO' ),1004,'2013-10-03 21:56:08',475000,'Mapa da Prova');
INSERT INTO TB_HISTORICO_ESTUDO (ID,ID_ESTUDO_MATERIA,DT_HORA_ESTUDO,TEMPO_ESTUDADO,OBSERVACAO) VALUES ( NEXTVAL( 'SQ_HISTORICO_ESTUDO' ),1004,'2013-10-03 22:51:42',2404000,'Estratégia Concursos - Aula 03 - Terminei.');
INSERT INTO TB_HISTORICO_ESTUDO (ID,ID_ESTUDO_MATERIA,DT_HORA_ESTUDO,TEMPO_ESTUDADO,OBSERVACAO) VALUES ( NEXTVAL( 'SQ_HISTORICO_ESTUDO' ),1002,'2013-10-03 23:52:57',1585000,'Estratégia Concursos - Aula 02 - Pág. 59.');
INSERT INTO TB_HISTORICO_ESTUDO (ID,ID_ESTUDO_MATERIA,DT_HORA_ESTUDO,TEMPO_ESTUDADO,OBSERVACAO) VALUES ( NEXTVAL( 'SQ_HISTORICO_ESTUDO' ),1004,'2013-10-04 15:20:22',936000,'Mapa da Prova');
INSERT INTO TB_HISTORICO_ESTUDO (ID,ID_ESTUDO_MATERIA,DT_HORA_ESTUDO,TEMPO_ESTUDADO,OBSERVACAO) VALUES ( NEXTVAL( 'SQ_HISTORICO_ESTUDO' ),1004,'2013-10-04 22:11:09',3573000,'Estratégia Concursos - Aula 04 - Terminei.');
INSERT INTO TB_HISTORICO_ESTUDO (ID,ID_ESTUDO_MATERIA,DT_HORA_ESTUDO,TEMPO_ESTUDADO,OBSERVACAO) VALUES ( NEXTVAL( 'SQ_HISTORICO_ESTUDO' ),1004,'2013-10-04 23:59:49',295000,'Estratégia Concursos - Aula 05 - Pág 04.');
INSERT INTO TB_HISTORICO_ESTUDO (ID,ID_ESTUDO_MATERIA,DT_HORA_ESTUDO,TEMPO_ESTUDADO,OBSERVACAO) VALUES ( NEXTVAL( 'SQ_HISTORICO_ESTUDO' ),1004,'2013-10-05 14:11:00',4451000,'Estratégia Concursos - Aula 05 - Terminei.');
INSERT INTO TB_HISTORICO_ESTUDO (ID,ID_ESTUDO_MATERIA,DT_HORA_ESTUDO,TEMPO_ESTUDADO,OBSERVACAO) VALUES ( NEXTVAL( 'SQ_HISTORICO_ESTUDO' ),1004,'2013-10-05 14:59:40',2848000,'Estratégia Concursos - Aula 06 - Terminei.');
INSERT INTO TB_HISTORICO_ESTUDO (ID,ID_ESTUDO_MATERIA,DT_HORA_ESTUDO,TEMPO_ESTUDADO,OBSERVACAO) VALUES ( NEXTVAL( 'SQ_HISTORICO_ESTUDO' ),1002,'2013-10-05 20:29:44',3968000,'Estratégia Concursos - Aula 02 - Terminei.');
-- STF- 2013
INSERT INTO TB_HISTORICO_ESTUDO (ID,ID_ESTUDO_MATERIA,DT_HORA_ESTUDO,TEMPO_ESTUDADO,OBSERVACAO) VALUES ( NEXTVAL( 'SQ_HISTORICO_ESTUDO' ),1014,'2013-10-17 22:17:22',2217000,'Estratégia Concursos - Aula 00 - Pág. 15.');




































---------------------------------------------------------------------------------------
----------------------------------- MPU - 2013 ----------------------------------------
---------------------------------------------------------------------------------------

-- INSERT INTO TB_ORGAO VALUES ( 1001, 'MPU', 'Ministério Público da União', NULL, NULL );

-- INSERT INTO TB_BANCA VALUES ( 1001, 'CESPE', 'CESPE', NULL );

-- INSERT INTO TB_CONCURSO VALUES ( 1001, 1001, 1001, 2013, 1001, NULL );

---------------------------------------------------------------------------------------
----------------------------------- STF - 2013 ----------------------------------------
---------------------------------------------------------------------------------------

-- INSERT INTO TB_ORGAO ( ID, SIGLA, NOME, DESCRICAO, SITE ) VALUES ( 1003, 'STF', 'Supremo Tribunal Federal', NULL, NULL );

-- INSERT INTO TB_CONCURSO ( ID, ID_ORGAO, ID_BANCA, ANO, SEQUENCIAL, SITE ) VALUES ( 1003, 1003, 1001, 2013, 1001, NULL );

---------------------------------------------------------------------------------------
--                                    Estudo Genérico 2014
---------------------------------------------------------------------------------------

INSERT INTO tb_orgao (id,sigla,nome,descricao,site) VALUES (1002,'Genérico','Ciclo Genérico de Estudo',null,null);

INSERT INTO tb_banca (id,sigla,nome,descricao,site) VALUES (1002,'Genérica','Banca Genérica de Estudo',null,null);

INSERT INTO tb_concurso (id,id_orgao,id_banca,ano,sequencial,site) VALUES (1002,1002,1002,2014,1001,null);
