INSERT INTO "public"."tb_orgao" (id,sigla,nome,descricao,site) VALUES (1,'MPU','Ministério Público da União',null,null);

INSERT INTO "public"."tb_banca" (id,sigla,nome,descricao) VALUES (1,'CESPE','CESPE',null);

INSERT INTO "public"."tb_concurso" (id_orgao,id_banca,ano) VALUES (1,1,2013);

INSERT INTO "public"."tb_materia" (id,sigla,nome,descricao) VALUES (1,'PORT','Português',null);
INSERT INTO "public"."tb_materia" (id,sigla,nome,descricao) VALUES (2,'D. ADM','Direito Administrativo',null);
INSERT INTO "public"."tb_materia" (id,sigla,nome,descricao) VALUES (3,'D. CONST','Direito Constitucional',null);
INSERT INTO "public"."tb_materia" (id,sigla,nome,descricao) VALUES (4,'MPU','Legislação aplicada ao MPU',null);
INSERT INTO "public"."tb_materia" (id,sigla,nome,descricao) VALUES (5,'RH','Relações Humanas',null);
INSERT INTO "public"."tb_materia" (id,sigla,nome,descricao) VALUES (6,'ING','Inglês',null);
INSERT INTO "public"."tb_materia" (id,sigla,nome,descricao) VALUES (7,'RED','Redação',null);
INSERT INTO "public"."tb_materia" (id,sigla,nome,descricao) VALUES (8,'GGOV','Gestão e Governança de TI',null);
INSERT INTO "public"."tb_materia" (id,sigla,nome,descricao) VALUES (9,'PROG','Programação',null);
INSERT INTO "public"."tb_materia" (id,sigla,nome,descricao) VALUES (10,'ENG','Engenharia de Software',null);
INSERT INTO "public"."tb_materia" (id,sigla,nome,descricao) VALUES (11,'SEG','Segurança da Informação',null);
INSERT INTO "public"."tb_materia" (id,sigla,nome,descricao) VALUES (12,'BD','Banco de Dados',null);

INSERT INTO "public"."tb_concurso_materia" (id_orgao,id_banca,ano_concurso,id_materia,tempo_alocado) VALUES (1,1,2013,1,'12:00:00');
INSERT INTO "public"."tb_concurso_materia" (id_orgao,id_banca,ano_concurso,id_materia,tempo_alocado) VALUES (1,1,2013,2,'12:00:00');
INSERT INTO "public"."tb_concurso_materia" (id_orgao,id_banca,ano_concurso,id_materia,tempo_alocado) VALUES (1,1,2013,3,'12:00:00');
INSERT INTO "public"."tb_concurso_materia" (id_orgao,id_banca,ano_concurso,id_materia,tempo_alocado) VALUES (1,1,2013,4,'12:00:00');
INSERT INTO "public"."tb_concurso_materia" (id_orgao,id_banca,ano_concurso,id_materia,tempo_alocado) VALUES (1,1,2013,5,'06:00:00');
INSERT INTO "public"."tb_concurso_materia" (id_orgao,id_banca,ano_concurso,id_materia,tempo_alocado) VALUES (1,1,2013,6,'06:00:00');
INSERT INTO "public"."tb_concurso_materia" (id_orgao,id_banca,ano_concurso,id_materia,tempo_alocado) VALUES (1,1,2013,7,'05:00:00');
INSERT INTO "public"."tb_concurso_materia" (id_orgao,id_banca,ano_concurso,id_materia,tempo_alocado) VALUES (1,1,2013,8,'14:30:00');
INSERT INTO "public"."tb_concurso_materia" (id_orgao,id_banca,ano_concurso,id_materia,tempo_alocado) VALUES (1,1,2013,9,'14:30:00');
INSERT INTO "public"."tb_concurso_materia" (id_orgao,id_banca,ano_concurso,id_materia,tempo_alocado) VALUES (1,1,2013,10,'17:00:00');
INSERT INTO "public"."tb_concurso_materia" (id_orgao,id_banca,ano_concurso,id_materia,tempo_alocado) VALUES (1,1,2013,11,'12:00:00');
INSERT INTO "public"."tb_concurso_materia" (id_orgao,id_banca,ano_concurso,id_materia,tempo_alocado) VALUES (1,1,2013,12,'17:00:00');

INSERT INTO "public"."tb_historico_estudo" (id_orgao,id_banca,ano_concurso,id_materia,data_hora_estudo,tempo_estudado,observacao) VALUES (1,1,2013,4,{ts '2013-10-01 23:31:50.723'},'00:07:02','Estratégia Concursos - Aula 02 - Pág. 10.');
INSERT INTO "public"."tb_historico_estudo" (id_orgao,id_banca,ano_concurso,id_materia,data_hora_estudo,tempo_estudado,observacao) VALUES (1,1,2013,4,{ts '2013-10-01 00:58:53.334'},'00:10:02','Estratégia Concursos - Aula 02 - Pág. 8.');
INSERT INTO "public"."tb_historico_estudo" (id_orgao,id_banca,ano_concurso,id_materia,data_hora_estudo,tempo_estudado,observacao) VALUES (1,1,2013,2,{ts '2013-09-26 23:43:00.108'},'00:35:32','Estratégia Concursos - Aula 02 - Pág. 51 (e)');
INSERT INTO "public"."tb_historico_estudo" (id_orgao,id_banca,ano_concurso,id_materia,data_hora_estudo,tempo_estudado,observacao) VALUES (1,1,2013,4,{ts '2013-09-26 22:30:37.147'},'00:50:23','Estratégia Concursos - Aula 01 - Terminei');
INSERT INTO "public"."tb_historico_estudo" (id_orgao,id_banca,ano_concurso,id_materia,data_hora_estudo,tempo_estudado,observacao) VALUES (1,1,2013,12,{ts '2013-09-26 00:25:11.859'},'00:43:35','SAD - Cathedra / Mapa da Prova');
INSERT INTO "public"."tb_historico_estudo" (id_orgao,id_banca,ano_concurso,id_materia,data_hora_estudo,tempo_estudado,observacao) VALUES (1,1,2013,11,{ts '2013-09-25 23:23:20.530'},'00:31:47','Mapa da Prova');
INSERT INTO "public"."tb_historico_estudo" (id_orgao,id_banca,ano_concurso,id_materia,data_hora_estudo,tempo_estudado,observacao) VALUES (1,1,2013,4,{ts '2013-09-24 23:52:59.639'},'00:42:25','Estratégia Concursos - Aula 01 - Pág. 7.');
INSERT INTO "public"."tb_historico_estudo" (id_orgao,id_banca,ano_concurso,id_materia,data_hora_estudo,tempo_estudado,observacao) VALUES (1,1,2013,10,{ts '2013-09-23 22:50:08.969'},'00:30:57','Mapa da Prova - UML');
INSERT INTO "public"."tb_historico_estudo" (id_orgao,id_banca,ano_concurso,id_materia,data_hora_estudo,tempo_estudado,observacao) VALUES (1,1,2013,3,{ts '2013-09-23 01:12:13.297'},'00:22:35','Estratégia Concursos - Aula 00');
INSERT INTO "public"."tb_historico_estudo" (id_orgao,id_banca,ano_concurso,id_materia,data_hora_estudo,tempo_estudado,observacao) VALUES (1,1,2013,3,{ts '2013-09-22 18:28:27.159'},'00:31:08','Estratégia Concursos - Aula 00');
INSERT INTO "public"."tb_historico_estudo" (id_orgao,id_banca,ano_concurso,id_materia,data_hora_estudo,tempo_estudado,observacao) VALUES (1,1,2013,9,{ts '2013-09-22 16:34:01.949'},'01:03:32','PHP – Codecademy');
INSERT INTO "public"."tb_historico_estudo" (id_orgao,id_banca,ano_concurso,id_materia,data_hora_estudo,tempo_estudado,observacao) VALUES (1,1,2013,2,{ts '2013-09-22 15:00:22.120'},'00:32:59','Estratégia Concursos - Licitações');
INSERT INTO "public"."tb_historico_estudo" (id_orgao,id_banca,ano_concurso,id_materia,data_hora_estudo,tempo_estudado,observacao) VALUES (1,1,2013,2,{ts '2013-09-22 13:55:09.739'},'00:36:52','Estratégia Concursos - Licitações');
INSERT INTO "public"."tb_historico_estudo" (id_orgao,id_banca,ano_concurso,id_materia,data_hora_estudo,tempo_estudado,observacao) VALUES (1,1,2013,2,{ts '2013-09-19 22:00:00.0'},'00:14:00','Estratégia Concursos - Licitações');
INSERT INTO "public"."tb_historico_estudo" (id_orgao,id_banca,ano_concurso,id_materia,data_hora_estudo,tempo_estudado,observacao) VALUES (1,1,2013,8,{ts '2013-09-18 01:11:18.335'},'00:35:00','Cathedra - PMBoK - Mapa da Prova');
INSERT INTO "public"."tb_historico_estudo" (id_orgao,id_banca,ano_concurso,id_materia,data_hora_estudo,tempo_estudado,observacao) VALUES (1,1,2013,1,{ts '2013-09-17 23:57:50.306'},'00:21:14','Costinha - Sintaxe - Termos integrantes da oração');
INSERT INTO "public"."tb_historico_estudo" (id_orgao,id_banca,ano_concurso,id_materia,data_hora_estudo,tempo_estudado,observacao) VALUES (1,1,2013,1,{ts '2013-09-17 23:17:28.555'},'00:15:41','Costinha - Sintaxe');
INSERT INTO "public"."tb_historico_estudo" (id_orgao,id_banca,ano_concurso,id_materia,data_hora_estudo,tempo_estudado,observacao) VALUES (1,1,2013,1,{ts '2013-09-15 20:04:16.0'},'00:22:15','Questões Mapa da Prova – Redação Oficial');
INSERT INTO "public"."tb_historico_estudo" (id_orgao,id_banca,ano_concurso,id_materia,data_hora_estudo,tempo_estudado,observacao) VALUES (1,1,2013,12,{ts '2013-09-13 22:31:05.0'},'00:39:29','Cathedra – BD_04-AbordagemRelacional');
INSERT INTO "public"."tb_historico_estudo" (id_orgao,id_banca,ano_concurso,id_materia,data_hora_estudo,tempo_estudado,observacao) VALUES (1,1,2013,6,{ts '2013-09-13 21:29:38.0'},'00:28:46','Questões Mapa da Prova – Inglês');
INSERT INTO "public"."tb_historico_estudo" (id_orgao,id_banca,ano_concurso,id_materia,data_hora_estudo,tempo_estudado,observacao) VALUES (1,1,2013,6,{ts '2013-09-13 00:19:53.0'},'00:30:38','Questões Mapa da Prova – Inglês');
INSERT INTO "public"."tb_historico_estudo" (id_orgao,id_banca,ano_concurso,id_materia,data_hora_estudo,tempo_estudado,observacao) VALUES (1,1,2013,6,{ts '2013-09-12 01:10:26.0'},'00:14:19','Questões Mapa da Prova – Inglês');
INSERT INTO "public"."tb_historico_estudo" (id_orgao,id_banca,ano_concurso,id_materia,data_hora_estudo,tempo_estudado,observacao) VALUES (1,1,2013,11,{ts '2013-09-11 23:46:30.0'},'00:57:51','Questões Mapa da Prova');
INSERT INTO "public"."tb_historico_estudo" (id_orgao,id_banca,ano_concurso,id_materia,data_hora_estudo,tempo_estudado,observacao) VALUES (1,1,2013,4,{ts '2013-09-11 00:52:29.0'},'00:59:22','Estratégia Concursos');
INSERT INTO "public"."tb_historico_estudo" (id_orgao,id_banca,ano_concurso,id_materia,data_hora_estudo,tempo_estudado,observacao) VALUES (1,1,2013,10,{ts '2013-09-10 23:33:31.0'},'00:39:05','APF / Questões Mapa da Prova – Qualidade de Software');
INSERT INTO "public"."tb_historico_estudo" (id_orgao,id_banca,ano_concurso,id_materia,data_hora_estudo,tempo_estudado,observacao) VALUES (1,1,2013,10,{ts '2013-09-10 01:04:59.0'},'00:18:54','Questões Mapa da Prova – Qualidade de Software');
INSERT INTO "public"."tb_historico_estudo" (id_orgao,id_banca,ano_concurso,id_materia,data_hora_estudo,tempo_estudado,observacao) VALUES (1,1,2013,3,{ts '2013-09-09 22:54:02.0'},'01:03:37','Estratégia Concursos');
INSERT INTO "public"."tb_historico_estudo" (id_orgao,id_banca,ano_concurso,id_materia,data_hora_estudo,tempo_estudado,observacao) VALUES (1,1,2013,9,{ts '2013-09-09 02:08:32.0'},'00:24:03','PHP – Codecademy');
INSERT INTO "public"."tb_historico_estudo" (id_orgao,id_banca,ano_concurso,id_materia,data_hora_estudo,tempo_estudado,observacao) VALUES (1,1,2013,9,{ts '2013-09-08 23:55:39.0'},'00:46:58','PHP – Codecademy');
INSERT INTO "public"."tb_historico_estudo" (id_orgao,id_banca,ano_concurso,id_materia,data_hora_estudo,tempo_estudado,observacao) VALUES (1,1,2013,2,{ts '2013-09-08 22:08:51.0'},'00:46:51','Licitações – Estratégia Concursos');
INSERT INTO "public"."tb_historico_estudo" (id_orgao,id_banca,ano_concurso,id_materia,data_hora_estudo,tempo_estudado,observacao) VALUES (1,1,2013,8,{ts '2013-09-08 19:47:55.0'},'00:42:24','Questões CMMI, revisão IN 04/2010.');
INSERT INTO "public"."tb_historico_estudo" (id_orgao,id_banca,ano_concurso,id_materia,data_hora_estudo,tempo_estudado,observacao) VALUES (1,1,2013,8,{ts '2013-09-08 18:07:50.0'},'00:25:43','Revisão Itil-v3, questões PMBoK.');
INSERT INTO "public"."tb_historico_estudo" (id_orgao,id_banca,ano_concurso,id_materia,data_hora_estudo,tempo_estudado,observacao) VALUES (1,1,2013,1,{ts '2013-09-08 13:04:16.0'},'00:57:57','Redação Oficial');
INSERT INTO "public"."tb_historico_estudo" (id_orgao,id_banca,ano_concurso,id_materia,data_hora_estudo,tempo_estudado,observacao) VALUES (1,1,2013,1,{ts '2013-09-06 22:53:01.0'},'00:28:47','Resolução de questões – Interpretação de texto');
INSERT INTO "public"."tb_historico_estudo" (id_orgao,id_banca,ano_concurso,id_materia,data_hora_estudo,tempo_estudado,observacao) VALUES (1,1,2013,12,{ts '2013-09-04 00:53:12.0'},'01:16:10','');
INSERT INTO "public"."tb_historico_estudo" (id_orgao,id_banca,ano_concurso,id_materia,data_hora_estudo,tempo_estudado,observacao) VALUES (1,1,2013,5,{ts '2013-08-30 01:03:17.0'},'00:23:14','');
INSERT INTO "public"."tb_historico_estudo" (id_orgao,id_banca,ano_concurso,id_materia,data_hora_estudo,tempo_estudado,observacao) VALUES (1,1,2013,5,{ts '2013-08-29 02:16:42.0'},'00:13:11','');
INSERT INTO "public"."tb_historico_estudo" (id_orgao,id_banca,ano_concurso,id_materia,data_hora_estudo,tempo_estudado,observacao) VALUES (1,1,2013,5,{ts '2013-08-28 01:34:52.0'},'00:12:54','');
INSERT INTO "public"."tb_historico_estudo" (id_orgao,id_banca,ano_concurso,id_materia,data_hora_estudo,tempo_estudado,observacao) VALUES (1,1,2013,11,{ts '2013-08-28 01:16:55.0'},'01:02:22','');
INSERT INTO "public"."tb_historico_estudo" (id_orgao,id_banca,ano_concurso,id_materia,data_hora_estudo,tempo_estudado,observacao) VALUES (1,1,2013,4,{ts '2013-08-27 01:39:46.0'},'00:57:41','');
INSERT INTO "public"."tb_historico_estudo" (id_orgao,id_banca,ano_concurso,id_materia,data_hora_estudo,tempo_estudado,observacao) VALUES (1,1,2013,4,{ts '2013-08-26 02:32:10.0'},'00:04:56','');
INSERT INTO "public"."tb_historico_estudo" (id_orgao,id_banca,ano_concurso,id_materia,data_hora_estudo,tempo_estudado,observacao) VALUES (1,1,2013,10,{ts '2013-08-26 01:23:08.0'},'01:11:34','');
INSERT INTO "public"."tb_historico_estudo" (id_orgao,id_banca,ano_concurso,id_materia,data_hora_estudo,tempo_estudado,observacao) VALUES (1,1,2013,3,{ts '2013-08-25 20:26:49.0'},'00:59:24','');
INSERT INTO "public"."tb_historico_estudo" (id_orgao,id_banca,ano_concurso,id_materia,data_hora_estudo,tempo_estudado,observacao) VALUES (1,1,2013,9,{ts '2013-08-25 01:18:57.0'},'00:44:06','');
INSERT INTO "public"."tb_historico_estudo" (id_orgao,id_banca,ano_concurso,id_materia,data_hora_estudo,tempo_estudado,observacao) VALUES (1,1,2013,9,{ts '2013-08-24 22:03:21.0'},'00:06:13','');
INSERT INTO "public"."tb_historico_estudo" (id_orgao,id_banca,ano_concurso,id_materia,data_hora_estudo,tempo_estudado,observacao) VALUES (1,1,2013,2,{ts '2013-08-24 18:47:56.0'},'01:01:39','');
INSERT INTO "public"."tb_historico_estudo" (id_orgao,id_banca,ano_concurso,id_materia,data_hora_estudo,tempo_estudado,observacao) VALUES (1,1,2013,8,{ts '2013-08-24 16:46:32.0'},'00:43:37','');
INSERT INTO "public"."tb_historico_estudo" (id_orgao,id_banca,ano_concurso,id_materia,data_hora_estudo,tempo_estudado,observacao) VALUES (1,1,2013,1,{ts '2013-08-24 15:57:53.0'},'00:10:08','');
INSERT INTO "public"."tb_historico_estudo" (id_orgao,id_banca,ano_concurso,id_materia,data_hora_estudo,tempo_estudado,observacao) VALUES (1,1,2013,1,{ts '2013-08-24 15:39:36.0'},'00:21:27','');
INSERT INTO "public"."tb_historico_estudo" (id_orgao,id_banca,ano_concurso,id_materia,data_hora_estudo,tempo_estudado,observacao) VALUES (1,1,2013,8,{ts '2013-08-22 00:59:47.0'},'00:22:10','');
INSERT INTO "public"."tb_historico_estudo" (id_orgao,id_banca,ano_concurso,id_materia,data_hora_estudo,tempo_estudado,observacao) VALUES (1,1,2013,4,{ts '2013-10-02 16:28:58.193'},'00:09:29','Estratégia Concursos - Aula 02 - Pág. 13.');
INSERT INTO "public"."tb_historico_estudo" (id_orgao,id_banca,ano_concurso,id_materia,data_hora_estudo,tempo_estudado,observacao) VALUES (1,1,2013,4,{ts '2013-10-02 21:49:23.659'},'00:48:22','Estratégia Concursos - Aula 02 - Terminei');
INSERT INTO "public"."tb_historico_estudo" (id_orgao,id_banca,ano_concurso,id_materia,data_hora_estudo,tempo_estudado,observacao) VALUES (1,1,2013,2,{ts '2013-10-02 22:55:53.219'},'00:14:53','Estratégia Concursos - Aula 02 - Pág. 53.');
INSERT INTO "public"."tb_historico_estudo" (id_orgao,id_banca,ano_concurso,id_materia,data_hora_estudo,tempo_estudado,observacao) VALUES (1,1,2013,4,{ts '2013-10-03 21:47:22.603'},'00:24:02','Estratégia Concursos - Aula 10 - Pág. 10.');
INSERT INTO "public"."tb_historico_estudo" (id_orgao,id_banca,ano_concurso,id_materia,data_hora_estudo,tempo_estudado,observacao) VALUES (1,1,2013,4,{ts '2013-10-03 21:56:08.672'},'00:07:55','Mapa da Prova');
INSERT INTO "public"."tb_historico_estudo" (id_orgao,id_banca,ano_concurso,id_materia,data_hora_estudo,tempo_estudado,observacao) VALUES (1,1,2013,4,{ts '2013-10-03 22:51:42.700'},'00:40:04','Estratégia Concursos - Aula 03 - Terminei.');
INSERT INTO "public"."tb_historico_estudo" (id_orgao,id_banca,ano_concurso,id_materia,data_hora_estudo,tempo_estudado,observacao) VALUES (1,1,2013,2,{ts '2013-10-03 23:52:57.709'},'00:26:25','Estratégia Concursos - Aula 02 - Pág. 59.');
INSERT INTO "public"."tb_historico_estudo" (id_orgao,id_banca,ano_concurso,id_materia,data_hora_estudo,tempo_estudado,observacao) VALUES (1,1,2013,4,{ts '2013-10-04 15:20:22.220'},'00:15:36','Mapa da Prova');
INSERT INTO "public"."tb_historico_estudo" (id_orgao,id_banca,ano_concurso,id_materia,data_hora_estudo,tempo_estudado,observacao) VALUES (1,1,2013,4,{ts '2013-10-04 22:11:09.244'},'00:59:33','Estratégia Concursos - Aula 04 - Terminei.');
INSERT INTO "public"."tb_historico_estudo" (id_orgao,id_banca,ano_concurso,id_materia,data_hora_estudo,tempo_estudado,observacao) VALUES (1,1,2013,4,{ts '2013-10-04 23:59:49.339'},'00:04:55','Estratégia Concursos - Aula 05 - Pág 04.');
INSERT INTO "public"."tb_historico_estudo" (id_orgao,id_banca,ano_concurso,id_materia,data_hora_estudo,tempo_estudado,observacao) VALUES (1,1,2013,4,{ts '2013-10-05 14:11:00.990'},'01:14:11','Estratégia Concursos - Aula 05 - Terminei.');
INSERT INTO "public"."tb_historico_estudo" (id_orgao,id_banca,ano_concurso,id_materia,data_hora_estudo,tempo_estudado,observacao) VALUES (1,1,2013,4,{ts '2013-10-05 14:59:40.842'},'00:47:28','Estratégia Concursos - Aula 06 - Terminei.');
INSERT INTO "public"."tb_historico_estudo" (id_orgao,id_banca,ano_concurso,id_materia,data_hora_estudo,tempo_estudado,observacao) VALUES (1,1,2013,2,{ts '2013-10-05 20:29:44.577'},'01:06:08','Estratégia Concursos - Aula 02 - Terminei.');
